a80b1c43-879f-4fd3-afd1-1a00e07317b7,C05NJT37PK5,!epanda can you read this message?,0,1692721208.689329,1692730280.23632
dbc363c7-1671-4a34-b9e0-cf6317051562,C05NJT37PK5,!epanda help,,1692730295.632539,1692730531.237201
e7ea7b3f-dd71-42bb-9de9-835b0c01aa89,C05NJT37PK5,!epanda help,,1692730677.139139,1692730681.691945
70249a68-c896-4fb4-bfa7-f156bfb31f99,C05NJT37PK5,!epanda queue length,1,1701392871.834889,1701392977.892758
0e16204d-723e-451a-9e0a-dd0a64c6d640,C05NJT37PK5,!epanda queue length,1,1701393240.381169,1701393249.527986
78875AB3-BD3C-4FCD-B3EF-66432EF63245,C05NJT37PK5,!epanda queue length,1,1701400513.143669,1701400525.14454
AF558014-CC5E-41D0-BB4D-F38E65820E51,C05NJT37PK5,!epanda queue length,1,1701407386.441689,1701407389.626435
D10D534B-AB58-40FF-BF5C-491DFD2F6EB4,C05NJT37PK5,!epanda queue length,1,1701440510.657359,1701440520.385357
cb00e866-1679-4374-b76c-7a626253c853,C05NJT37PK5,!epanda vial status,1,1701445013.986659,1701445089.584959
2f893d39-a2c0-4fb6-af57-ffb98d07a020,C05NJT37PK5,!epanda vial status,1,1701445118.810809,1701445120.066725
ff3eaaa5-dacc-4320-bf38-bf53b00d18e0,C05NJT37PK5,!epanda vial status,1,1701445210.248579,1701445221.783872
483b5b49-68e7-4c57-88cd-8727e934f992,C05NJT37PK5,!epanda vial status,1,1701445331.666389,1701445896.19257
3f962896-f047-42eb-b339-f04f6eb3414f,C05NJT37PK5,!epanda vial status,1,1701445930.673659,1701445942.694913
EF93F4B4-4BBD-45CD-9F37-BC7B2774118B,C05NJT37PK5,!epanda help,,1701447707.905289,1701447708.647167
78534108-705A-4249-9BAE-D8486820E6D1,C05NJT37PK5,!ePANDA vial status,1,1701450555.887159,1701450557.451188
01c46d4a-8c5f-48ec-be1e-5eb7054d72b1,C05NJT37PK5,!ePANDA vial status,1,1701454701.347929,1701454716.477317
8d951bfc-9b4f-4470-badd-915d45f1630a,C05NJT37PK5,!ePANDA vial status,1,1701454930.057969,1701454940.449849
1ff93b32-96fd-4e8c-86a0-ae8b8db69e50,C05NJT37PK5,!ePANDA vial status,1,1701454992.895149,1701455001.99083
f632fc3f-18bd-44e0-84e4-d36716ebb361,C05NJT37PK5,!ePANDA vial status,1,1701456274.369909,1701456283.777298
44B0EBBC-D628-4880-8FE5-62C8C84D66F5,C05NJT37PK5,!epanda queue length,1,1701460206.314469,1701460213.103721
57c73c1e-a14e-4fe4-b2e9-9a8d53154613,C05NJT37PK5,!epanda vial status,1,1701462015.687829,1701462028.054905
03b1dbbd-fbae-4727-a9d5-3cc35a1fe78d,C05NJT37PK5,!epanda vial status,1,1701462081.234989,1701462089.748455
72a2ec0d-b28b-47a5-b139-4c1d88af9ed2,C05NJT37PK5,!epanda vial status,1,1701462161.314159,1701462171.954299
4c4a0d1b-f564-4d20-b228-5b6e37129cb9,C05NJT37PK5,!epanda vial status,1,1701462195.197459,1701462204.835191
aacca256-30a4-446c-aadf-5e0f807d229d,C05NJT37PK5,!ePANDA vial status,1,1701463981.447309,1701463994.643164
5a40dcec-0627-49cf-8ab4-28a01cc28b82,C05NJT37PK5,!ePANDA queue length,1,1701463997.299329,1701464010.062257
32B37951-B383-43C4-90E1-B3B0AC80FA62,C05NJT37PK5,!ePANDA vial status,1,1701489636.332089,1701489645.856745
DEC37838-144F-46F4-8EA3-A62209CCA9D8,C05NJT37PK5,!ePANDA vial status,1,1701491123.574899,1701491137.710129
8796733A-67C1-4A24-8B03-8689AAE86434,C05NJT37PK5,!epanda vial status,1,1701523644.727939,1701523660.736832
6D37B259-1B6D-478E-96AA-8994A107B925,C05NJT37PK5,!ePANDA queue length,1,1701528572.013749,1701528583.168071
EDE5F338-D375-4017-97FB-4E482DD6C566,C05NJT37PK5,!epanda vial status,1,1701540387.190219,1701540391.365906
F7F9BD6B-DFE7-4C06-A7A8-91B350047230,C05NJT37PK5,!epanda vial status,1,1701545894.255019,1701545901.77941
9E90B6FE-AF84-4CC5-9BDC-71459D20D8C9,C05NJT37PK5,!epanda vial status,1,1701553634.697119,1701553648.523233
25C14007-2B90-45C3-8B23-0219E8A50811,C05NJT37PK5,!epanda vial status,1,1701575405.935009,1701575408.108155
5538a846-67a5-4fff-b711-3aa921b0ac76,C05NJT37PK5,!epanda queue length,1,1701729049.731959,1701729060.353587
9810ea34-7518-49fd-8e16-8368bb0b18b4,C05NJT37PK5,!epanda vial status,1,1701729108.615789,1701729122.130639
9B3E4A48-74DB-472D-A6FF-D7257033A3EA,C05NJT37PK5,!epanda vial status,1,1701741628.258749,1701741638.656965
F600AB5E-B621-40FD-B264-1F14226696B4,C05NJT37PK5,!ePANDA vial status,1,1701746523.583309,1701746524.798456
2E6E1C13-61BF-47F0-BBF5-CA03C7072340,C05NJT37PK5,!epanda vial status,1,1701782099.898539,1701782107.746558
d27d4f80-d3a5-4ae9-9a37-e8e1b422f5f6,C05NJT37PK5,!epanda queue length,1,1701787586.176529,1701787591.596903
82818600-3475-4f23-a22d-4f584cd32a3f,C05NJT37PK5,!epanda queue length,1,1701809682.139229,1701809692.567683
89f5c0c2-2240-47d5-aae5-f0500b177595,C05NJT37PK5,!epanda vial status,1,1701895083.085689,1701904362.554076
a90b4213-e470-418f-b207-e23adc179923,C05NJT37PK5,!epanda vial status,1,1701895043.579539,1701904378.554108
14f1f118-03f5-4c33-8570-1e30f6313d8e,C05NJT37PK5,!epanda vial status,1,1701894984.188969,1701904417.298862
ae91b9f3-f88d-412f-8c54-1ed6a013e1b0,C05NJT37PK5,!epanda vial status,1,1701894838.669639,1701904576.562073
33ac4bc3-991e-4c26-aa7b-03b1f4dc42e6,C05NJT37PK5,!epanda vial status,1,1701894639.915009,1701904587.726397
826c236c-6717-4cd0-b966-159cdc771c09,C05NJT37PK5,!epanda help,,1701904929.721589,1701904938.336296
33ac4bc3-991e-4c26-aa7b-03b1f4dc42e6,C05NJT37PK5,!epanda vial status,1,1701894639.915009,1701894738.099722
ae91b9f3-f88d-412f-8c54-1ed6a013e1b0,C05NJT37PK5,!epanda vial status,1,1701894838.669639,1701894846.888236
14f1f118-03f5-4c33-8570-1e30f6313d8e,C05NJT37PK5,!epanda vial status,1,1701894984.188969,1701894987.327612
a90b4213-e470-418f-b207-e23adc179923,C05NJT37PK5,!epanda vial status,1,1701895043.579539,1701895047.771239
89f5c0c2-2240-47d5-aae5-f0500b177595,C05NJT37PK5,!epanda vial status,1,1701895083.085689,1701895086.377985
A5339E1A-2D77-4308-BAF9-08B9791662A6,C05NJT37PK5,!epanda vial status,1,1701954220.403039,1701954229.704266
83398220-19B4-4EE7-8DEB-A7ED3A6CBF7E,C05NJT37PK5,!epanda vial status,1,1701957814.841729,1701957825.193856
d84d7764-109e-41a0-ae91-1491f06e38a7,C05NJT37PK5,!epanda vial status,1,1701964787.440669,1701964799.630441
369A8DBD-C6D1-4B26-95DD-7814918295B9,C05NJT37PK5,!epanda exit,0,1701966688.304779,1701966694.443428
695f7136-84e4-4d89-837c-062c24ee679a,C05NJT37PK5,!epanda vial status,1,1701980939.643019,1701980950.703635
f0a2cc8f-618c-48a4-b99c-004188c4e7d9,C05NJT37PK5,!epanda vial status,1,1701990385.671189,1701990461.915947
